gower_sparse_1.2,gower_sparse_1.4,gower_sparse_1.6,gower_sparse_1.8,gower_sparse_2.0,gower_sparse_2.2,gower_sparse_2.4,gower_sparse_2.6,gower_sparse_2.8,gower_sparse_3.0,gower_spectral,gower_unweighted,wishart_sparse_1.2,wishart_sparse_1.4,wishart_sparse_1.6,wishart_sparse_1.8,wishart_sparse_2.0,wishart_sparse_2.2,wishart_sparse_2.4,wishart_sparse_2.6,wishart_sparse_2.8,wishart_sparse_3.0,wishart_spectral,wishart_unweighted,podani_sparse_1.2,podani_sparse_1.4,podani_sparse_1.6,podani_sparse_1.8,podani_sparse_2.0,podani_sparse_2.2,podani_sparse_2.4,podani_sparse_2.6,podani_sparse_2.8,podani_sparse_3.0,podani_spectral,podani_unweighted,huang_sparse_1.2,huang_sparse_1.4,huang_sparse_1.6,huang_sparse_1.8,huang_sparse_2.0,huang_sparse_2.2,huang_sparse_2.4,huang_sparse_2.6,huang_sparse_2.8,huang_sparse_3.0,huang_spectral,huang_unweighted
1.0,1.0,0.9936651790261786,0.9629295386270289,0.9229816573092748,0.8749983606196099,0.7053045051823797,0.7306070493736629,0.6958420900448828,0.6747034602721422,0.6885940069211425,0.4543708607714768,0.5062591705157516,0.49601675242083,0.5211960015170024,0.553970480083443,0.6027377777653824,0.600236090713924,0.5861486797991533,0.5649169005934229,0.540805710722652,0.5069774620774463,0.43034548463214806,0.3621515420892623,1.0,0.9953253505023523,0.9930532080947567,0.9249337384753542,0.8690968161598052,0.650577951446345,0.6928111484660806,0.5835943111271876,0.5280698206864103,0.4934041832725514,0.7136652556629792,0.2438518233528714,0.7042580074403426,0.6685571357755018,0.648156555306385,0.7188011922567429,0.7574649671805431,0.7701816573226963,0.7753140751972105,0.7763579602518127,0.7763579602518127,0.7763579602518127,0.6571465125198382,0.6861600822962418
0.37248898289065085,0.37248898289065085,0.5128662977200908,0.5128662977200908,0.5469135088620339,0.5469135088620339,0.6864517966602934,0.8185594164724952,0.8185594164724952,0.8185594164724952,0.5668861961676194,0.9383207659748279,0.5680234500120773,0.7873953742598472,0.9386514120624865,1.0,1.0,1.0,1.0,1.0,1.0,1.0,0.9749679718552928,0.9874042660927906,0.37248898289065085,0.3838637713357314,0.3838637713357314,0.5469135088620339,0.5469135088620339,0.6864517966602934,0.8050249213768714,0.8185594164724952,0.8185594164724952,0.8089479236218388,0.5536399077324705,0.871630862692592,0.554255888034186,0.560730078237388,0.726613973659905,0.9749679718552928,0.9874042660927906,1.0,1.0,1.0,1.0,1.0,0.9267074897034993,1.0
